metric,abs_latitude_deg,nh_climatology_pw,sh_poleward_climatology_pw
CERES_raw_implied_total,1.0,0.4795054188317778,0.149796694677914
CERES_raw_implied_total,2.0,0.7862518838690793,0.4593588612711178
CERES_raw_implied_total,3.0,1.0839196918111715,0.7638517914564683
CERES_raw_implied_total,4.0,1.3746433049736655,1.059722189051499
CERES_raw_implied_total,5.0,1.6588260626972,1.3503092582580012
CERES_raw_implied_total,6.0,1.938216009441282,1.631720848927576
CERES_raw_implied_total,7.0,2.2167208207726836,1.905603272982599
CERES_raw_implied_total,8.0,2.494564547344172,2.1711729749931132
CERES_raw_implied_total,9.0,2.7714154158331437,2.426591931006753
CERES_raw_implied_total,10.0,3.0467883592812934,2.673229483941952
CERES_raw_implied_total,11.0,3.317820165691233,2.9101664434171775
CERES_raw_implied_total,12.0,3.5841469660658554,3.1365624121110467
CERES_raw_implied_total,13.0,3.836703188204784,3.3515720332729257
CERES_raw_implied_total,14.0,4.070589326846923,3.556612692772999
CERES_raw_implied_total,15.0,4.283803176121508,3.750811051113155
CERES_raw_implied_total,16.0,4.474646236735652,3.933893273759447
CERES_raw_implied_total,17.0,4.646151124259517,4.105024748975571
CERES_raw_implied_total,18.0,4.797473880535011,4.265786729406046
CERES_raw_implied_total,19.0,4.929724060374641,4.417834655398685
CERES_raw_implied_total,20.0,5.049372376119638,4.560483584731173
CERES_raw_implied_total,21.0,5.159025847051096,4.692275242031299
CERES_raw_implied_total,22.0,5.25820649501054,4.815409387508413
CERES_raw_implied_total,23.0,5.347633868276149,4.930852564668179
CERES_raw_implied_total,24.0,5.428303986273519,5.039362418523476
CERES_raw_implied_total,25.0,5.499910131902011,5.140470644125388
CERES_raw_implied_total,26.0,5.5604718969199824,5.23595091121324
CERES_raw_implied_total,27.0,5.6123837068086155,5.323704319035022
CERES_raw_implied_total,28.0,5.650576419422116,5.403314041239914
CERES_raw_implied_total,29.0,5.682034632813614,5.475434522114689
CERES_raw_implied_total,30.0,5.707208880979779,5.540304700953268
CERES_raw_implied_total,31.0,5.725142440344905,5.5970413659663825
CERES_raw_implied_total,32.0,5.744791717665861,5.645846043152476
CERES_raw_implied_total,33.0,5.763147530550478,5.687245386223813
CERES_raw_implied_total,34.0,5.778926219644403,5.718720772461323
CERES_raw_implied_total,35.0,5.7880964387873295,5.74136384579786
CERES_raw_implied_total,36.0,5.789542945395303,5.754540741971028
CERES_raw_implied_total,37.0,5.783968006417109,5.756978137989935
CERES_raw_implied_total,38.0,5.769021452204113,5.747341599146142
CERES_raw_implied_total,39.0,5.743692197322027,5.726853713200531
CERES_raw_implied_total,40.0,5.706658110768235,5.696848300117349
CERES_raw_implied_total,41.0,5.659536146953514,5.656735927773364
CERES_raw_implied_total,42.0,5.603753449881044,5.606520006156195
CERES_raw_implied_total,43.0,5.538974310182803,5.5463278577505175
CERES_raw_implied_total,44.0,5.463301906586517,5.476447571589459
CERES_raw_implied_total,45.0,5.378314523655508,5.397221959746548
CERES_raw_implied_total,46.0,5.284841958255803,5.3095047165455
CERES_raw_implied_total,47.0,5.183405363713012,5.212939455048926
CERES_raw_implied_total,48.0,5.07380172808185,5.108337472703219
CERES_raw_implied_total,49.0,4.957038352922458,4.996145928163872
CERES_raw_implied_total,50.0,4.834931707323485,4.877373886825077
CERES_raw_implied_total,51.0,4.707184221733082,4.752681215066324
CERES_raw_implied_total,52.0,4.573529032147016,4.621787189460497
CERES_raw_implied_total,53.0,4.435257375400245,4.485476206577263
CERES_raw_implied_total,54.0,4.293389029828736,4.34432005697873
CERES_raw_implied_total,55.0,4.148433794625474,4.197266029668832
CERES_raw_implied_total,56.0,3.9997777077451153,4.045887700590686
CERES_raw_implied_total,57.0,3.8467560151401585,3.8905689676878352
CERES_raw_implied_total,58.0,3.691751119307983,3.731043275236377
CERES_raw_implied_total,59.0,3.536395424020526,3.567359351308687
CERES_raw_implied_total,60.0,3.380114652890564,3.3995718559904597
CERES_raw_implied_total,61.0,3.219845524438812,3.2260990084875476
CERES_raw_implied_total,62.0,3.058001473648841,3.049963182619727
CERES_raw_implied_total,63.0,2.8960377891540188,2.8717565058444285
CERES_raw_implied_total,64.0,2.734381948016707,2.6913599250988054
CERES_raw_implied_total,65.0,2.5725258644986093,2.507598641997817
CERES_raw_implied_total,66.0,2.4102633731656655,2.3224776373614486
CERES_raw_implied_total,67.0,2.2499338040703263,2.1366205824755813
CERES_raw_implied_total,68.0,2.0908373228343047,1.952893272381244
CERES_raw_implied_total,69.0,1.9332928119918729,1.775534588878742
CERES_raw_implied_total,70.0,1.7778929952906886,1.6053867893672038
CERES_raw_implied_total,71.0,1.625799825595987,1.4424502982695218
CERES_raw_implied_total,72.0,1.4762361434571578,1.288388476272614
CERES_raw_implied_total,73.0,1.3297924392197489,1.1451828120097076
CERES_raw_implied_total,74.0,1.1882854647294228,1.0124788096917126
CERES_raw_implied_total,75.0,1.0528503164416798,0.8884495972958428
CERES_raw_implied_total,76.0,0.924397748670648,0.7730252472673017
CERES_raw_implied_total,77.0,0.8029444018216403,0.6673057612767126
CERES_raw_implied_total,78.0,0.688765418211309,0.5693645381240222
CERES_raw_implied_total,79.0,0.5820053333310078,0.477801854230169
CERES_raw_implied_total,80.0,0.4836093291059689,0.3936812318276945
CERES_raw_implied_total,81.0,0.3936836160092029,0.3173688011464094
CERES_raw_implied_total,82.0,0.3129418236484821,0.2487371900808481
CERES_raw_implied_total,83.0,0.2407920237663042,0.1883884690756057
CERES_raw_implied_total,84.0,0.1773102831794598,0.1364036024673663
CERES_raw_implied_total,85.0,0.1232500198240906,0.0930500029529094
ERA5_actual_AHT,1.0,-0.3121697360901478,0.4295883058508989
ERA5_actual_AHT,2.0,-0.2016588574164861,0.5030197612125376
ERA5_actual_AHT,3.0,-0.051886760236189,0.5999995370913258
ERA5_actual_AHT,4.0,0.1234097798369087,0.7202089243020827
ERA5_actual_AHT,5.0,0.3223006199834476,0.8605314147922422
ERA5_actual_AHT,6.0,0.5350314669156134,1.010467116016766
ERA5_actual_AHT,7.0,0.7633579299815475,1.1803805565409018
ERA5_actual_AHT,8.0,0.9949736970758452,1.3655516970623622
ERA5_actual_AHT,9.0,1.218306600519807,1.5563550368358263
ERA5_actual_AHT,10.0,1.4288247418828075,1.7507801050086498
ERA5_actual_AHT,11.0,1.6283164600398432,1.947895385123542
ERA5_actual_AHT,12.0,1.807631456197062,2.1440808864647103
ERA5_actual_AHT,13.0,1.981195069888444,2.3405865321453567
ERA5_actual_AHT,14.0,2.1481109223141557,2.5399993754136956
ERA5_actual_AHT,15.0,2.313076081671261,2.7294040964020136
ERA5_actual_AHT,16.0,2.465632643586682,2.9129712875244196
ERA5_actual_AHT,17.0,2.615646543256603,3.086012834321349
ERA5_actual_AHT,18.0,2.745006290026448,3.245764652499486
ERA5_actual_AHT,19.0,2.8696181629265514,3.398201459046964
ERA5_actual_AHT,20.0,2.9871648568360047,3.5442861937677463
ERA5_actual_AHT,21.0,3.098160215185892,3.6807346635704423
ERA5_actual_AHT,22.0,3.2037364736956966,3.811240244076581
ERA5_actual_AHT,23.0,3.298283051098666,3.936054700188174
ERA5_actual_AHT,24.0,3.390889841803134,4.051967320189032
ERA5_actual_AHT,25.0,3.477740085667702,4.161743362078844
ERA5_actual_AHT,26.0,3.5615609934903025,4.2681558367706955
ERA5_actual_AHT,27.0,3.640961217256199,4.371922048570924
ERA5_actual_AHT,28.0,3.713287008050022,4.4702320027552425
ERA5_actual_AHT,29.0,3.778111054834607,4.5622383959226
ERA5_actual_AHT,30.0,3.8381054399260575,4.646836421162232
ERA5_actual_AHT,31.0,3.898135660207688,4.725150751694274
ERA5_actual_AHT,32.0,3.963073773071312,4.795707104392927
ERA5_actual_AHT,33.0,4.030766721671641,4.857464798487826
ERA5_actual_AHT,34.0,4.109910873184154,4.914790966750249
ERA5_actual_AHT,35.0,4.179056778339043,4.963670403532917
ERA5_actual_AHT,36.0,4.252056477726597,5.014368599221984
ERA5_actual_AHT,37.0,4.324694894644507,5.0606136196785005
ERA5_actual_AHT,38.0,4.399756821807948,5.100999021368687
ERA5_actual_AHT,39.0,4.460721331050251,5.134522267162844
ERA5_actual_AHT,40.0,4.507619205371605,5.160795019298772
ERA5_actual_AHT,41.0,4.5305637008678135,5.170088002237697
ERA5_actual_AHT,42.0,4.522833543290006,5.156506628593173
ERA5_actual_AHT,43.0,4.487570673056753,5.1156771279664515
ERA5_actual_AHT,44.0,4.429558991337042,5.048170772265499
ERA5_actual_AHT,45.0,4.359929977791209,4.958789099081341
ERA5_actual_AHT,46.0,4.281347997320523,4.8488255551608725
ERA5_actual_AHT,47.0,4.187831553231151,4.728174220622174
ERA5_actual_AHT,48.0,4.089739480828077,4.597224609378822
ERA5_actual_AHT,49.0,3.98612639844438,4.457136008661481
ERA5_actual_AHT,50.0,3.8837444868740216,4.304822186323305
ERA5_actual_AHT,51.0,3.780406159043169,4.1485046710144475
ERA5_actual_AHT,52.0,3.673298437891871,3.993602956566853
ERA5_actual_AHT,53.0,3.559792533235304,3.842918283448381
ERA5_actual_AHT,54.0,3.4434020125649605,3.694953282479305
ERA5_actual_AHT,55.0,3.330789662254233,3.5523849023571232
ERA5_actual_AHT,56.0,3.2182506577670735,3.4143145450536743
ERA5_actual_AHT,57.0,3.1093403276545666,3.275563052733484
ERA5_actual_AHT,58.0,2.999029530256229,3.137411895852248
ERA5_actual_AHT,59.0,2.895524543942851,3.000044711563342
ERA5_actual_AHT,60.0,2.78734139534967,2.8622322717742077
ERA5_actual_AHT,61.0,2.666866853171588,2.723496660494318
ERA5_actual_AHT,62.0,2.545701765524711,2.582884875887931
ERA5_actual_AHT,63.0,2.419610973282975,2.4431959017358587
ERA5_actual_AHT,64.0,2.2842775422037387,2.305081863457876
ERA5_actual_AHT,65.0,2.15009532944866,2.166018763927076
ERA5_actual_AHT,66.0,2.011440679643151,2.0315527044794024
ERA5_actual_AHT,67.0,1.8732026505431711,1.8918622883715972
ERA5_actual_AHT,68.0,1.733665619994077,1.7496059980120011
ERA5_actual_AHT,69.0,1.5950344580926608,1.606046250518232
ERA5_actual_AHT,70.0,1.4611252308791522,1.4646855445655371
ERA5_actual_AHT,71.0,1.340130075063566,1.3227231964137234
ERA5_actual_AHT,72.0,1.224337366985947,1.19096487209478
ERA5_actual_AHT,73.0,1.1092845113874397,1.061583546424185
ERA5_actual_AHT,74.0,0.9987032505781284,0.9534374186906236
ERA5_actual_AHT,75.0,0.8961178706319365,0.840570866637434
ERA5_actual_AHT,76.0,0.7920153986910844,0.7409129501929111
ERA5_actual_AHT,77.0,0.695099300535515,0.6430076472839703
ERA5_actual_AHT,78.0,0.6078866338153844,0.5556408534791444
ERA5_actual_AHT,79.0,0.516925419759243,0.4679789028611865
ERA5_actual_AHT,80.0,0.4339135945498346,0.3848316383684121
ERA5_actual_AHT,81.0,0.3574924074363583,0.3081545513260483
ERA5_actual_AHT,82.0,0.2889443892168695,0.2405449772535774
ERA5_actual_AHT,83.0,0.2235378481681213,0.1840871150532679
ERA5_actual_AHT,84.0,0.1662337197034518,0.131507395032861
ERA5_actual_AHT,85.0,0.1155786619502172,0.090428034840865
